<?xml version="1.0" encoding="UTF-8"?>
<project-private xmlns="http://www.netbeans.org/ns/project-private/1">
    <editor-bookmarks xmlns="http://www.netbeans.org/ns/editor-bookmarks/2" lastBookmarkId="0"/>
    <open-files xmlns="http://www.netbeans.org/ns/projectui-open-files/2">
        <group>
            <file>file:/C:/Users/ASUS/OneDrive/Desktop/AUST/Java%20codes%202.1/TodoListApp/src/todolistapp/TaskDetailsController.java</file>
            <file>file:/C:/Users/ASUS/OneDrive/Desktop/AUST/Java%20codes%202.1/TodoListApp/src/todolistapp/TodoListController.java</file>
            <file>file:/C:/Users/ASUS/OneDrive/Desktop/AUST/Java%20codes%202.1/TodoListApp/src/todolistapp/TodoListApp.java</file>
            <file>file:/C:/Users/ASUS/OneDrive/Desktop/AUST/Java%20codes%202.1/TodoListApp/src/todolistapp/Task.java</file>
            <file>file:/C:/Users/ASUS/OneDrive/Desktop/AUST/Java%20codes%202.1/TodoListApp/src/todolistapp/DataStorage.java</file>
            <file>file:/C:/Users/ASUS/OneDrive/Desktop/AUST/Java%20codes%202.1/TodoListApp/src/todolistapp/ViewTaskController.java</file>
        </group>
    </open-files>
</project-private>
